,EnerCon,RD,Loan,TerInd,PubSpa,WatCon,Engle,Unemp,PopDen,GradeII,SolWas,WasWater,ConWas,PubBus,PasInt
Preference threshold,0.7790088638195005,0.3831298557158712,0.41695030070715744,0.32125093260383,0.11575139756658998,0.8048430752225714,0.37818066157760805,0.21428571428571416,0.7025636954442055,0.40774907749077494,0.7786313955330272,0.5964595375722541,0.5365840478420637,0.07993216192170817,0.04392711713659164
Indifference threshold,0.5215149073327962,0.1717203107658158,0.14026832330976138,0.0,0.0409075961854653,0.5218228002366537,0.0,0.0,0.37011002530442205,0.0,0.5056233169649929,0.22705202312138717,0.3853303552129116,0.0,0.0
