,EnerCon,RD,Loan,TerInd,PubSpa,WatCon,Engle,Unemp,PopDen,GradeII,SolWas,WasWater,ConWas,PubBus,PasInt
Preference threshold,0.6518936341659952,0.21465038845726972,0.17533540413720172,0.0,0.05113449523183162,0.6522785002958171,0.0,0.0,0.4626375316305275,0.0,0.6320291462062411,0.28381502890173393,0.48166294401613946,0.0,0.0
Indifference threshold,0.6518936341659952,0.21465038845726972,0.17533540413720172,0.0,0.05113449523183162,0.6522785002958171,0.0,0.0,0.4626375316305275,0.0,0.6320291462062411,0.28381502890173393,0.48166294401613946,0.0,0.0
