,EnerCon,RD,Loan,TerInd,PubSpa,WatCon,Engle,Unemp,PopDen,GradeII,SolWas,WasWater,ConWas,PubBus,PasInt
Preference threshold,0.7790088638195005,0.3831298557158712,0.41695030070715744,0.32125093260383,0.11575139756658998,0.8048430752225714,0.37818066157760805,0.21428571428571416,0.7025636954442055,0.40774907749077494,0.7786313955330272,0.5964595375722541,0.5365840478420637,0.07993216192170817,0.04392711713659164
Indifference threshold,0.6518936341659952,0.21465038845726972,0.17533540413720172,0.0,0.05113449523183162,0.6522785002958171,0.0,0.0,0.4626375316305275,0.0,0.6320291462062411,0.28381502890173393,0.48166294401613946,0.0,0.0
